t,S,I,R,D
1,1,0,0,0
2,1,0,0,0
3,1,0,0,0
4,1,0,0,0
5,1,0,0,0
6,1,0,0,0
7,1,0,0,0
8,0.999999821751742,2.32314479464562e-06,2.41030647046772e-06,0
9,0.999999821751742,2.32314479464562e-06,2.41030647046772e-06,0
10,0.999999821751742,2.32314479464562e-06,2.41030647046772e-06,0
11,0.999999821751742,2.32314479464562e-06,2.41030647046772e-06,0
12,0.999999821751742,2.32314479464562e-06,2.41030647046772e-06,0
13,0.999999821751742,2.32314479464562e-06,2.41030647046772e-06,0
14,0.999999108758709,1.16157239732281e-05,1.20515323523386e-05,0
15,0.999998217517419,2.32314479464562e-05,2.41030647046772e-05,0
16,0.999998039269161,2.55545927411018e-05,2.65133711751449e-05,0
17,0.999996969779612,3.94934615089755e-05,4.09752099979512e-05,0
18,0.999995900290063,5.34323302768492e-05,5.54370488207576e-05,0
19,0.999995900290063,5.34323302768492e-05,5.54370488207576e-05,0
20,0.999994830800515,6.73711990447229e-05,6.98988876435639e-05,0
21,0.999993583062708,8.36332126072422e-05,8.67710329368379e-05,0
22,0.999991444083611,0.00011151095014299,0.000115694710582451,0
23,0.999990731090578,0.000120803529321572,0.000125335936464321,0
24,0.999988592111481,0.000148681266857319,0.000154259614109934,0
25,0.999987879118448,0.000157973846035902,0.000163900839991805,0
26,0.999987166125416,0.000167266425214484,0.000173542065873676,0
27,0.999986274884125,0.000178882149187712,0.000185593598226014,0
28,0.999985383642835,0.00019049787316094,0.000197645130578353,0
29,0.999985027146318,0.000195144162750232,0.000202465743519288,0
30,0.99998484889806,0.000197467307544877,0.000204876049989756,0
31,0.999983422911995,0.000216052465902042,0.000224158501753498,0
32,0.999983066415479,0.000220698755491334,0.000228979114694433,0
33,0.999982531670705,0.00022766818987527,0.000236210034105837,0
34,0.999981640429414,0.000239283913848498,0.000248261566458175,0
35,0.999981640429414,0.000239283913848498,0.000248261566458175,0
36,0.999981640429414,0.000239283913848498,0.000248261566458175,0
37,0.999980570939866,0.000253222782616372,0.000262723405280981,0
38,0.999980214443349,0.000257869072205663,0.000262723405280981,0.000128485159964024
39,0.999979679698575,0.0002648385065896,0.000269954324692385,0.000128485159964024
40,0.999979501450317,0.000267161651384246,0.000269954324692385,0.000192727739946036
41,0.999977718967736,0.000290393099330702,0.000294057389397062,0.000192727739946036
42,0.999976292981671,0.000308978257687867,0.000308519228219868,0.00032121289991006
43,0.999974688747348,0.000329886560839677,0.000330211986454078,0.00032121289991006
44,0.99997451049909,0.000332209705634323,0.000332622292924545,0.00032121289991006
45,0.999970410789153,0.000385642035911172,0.000388059341745303,0.00032121289991006
46,0.999968984803088,0.000404227194268337,0.000407341793509045,0.00032121289991006
47,0.999966311079217,0.000439074366188021,0.00044349639056606,0.00032121289991006
48,0.999962746114054,0.000485537262080934,0.000489292213504947,0.000385455479892072
49,0.99995935939715,0.0005296770131792,0.000535088036443834,0.000385455479892072
50,0.999957933411085,0.000548262171536365,0.000554370488207576,0.000385455479892072
51,0.999955794431988,0.000576139909072113,0.000580883859382721,0.000449698059874085
52,0.999954190197665,0.000597048212223923,0.00060257661761693,0.000449698059874085
53,0.999953120708116,0.000610987080991797,0.000617038456439736,0.000449698059874085
54,0.9999527642116,0.000615633370581088,0.000619448762910204,0.000513940639856097
55,0.999950446984245,0.000645834252911481,0.000648372440555817,0.000578183219838109
56,0.999947238515598,0.000687650859215102,0.000691757957024236,0.000578183219838109
57,0.99994420829521,0.000727144320724078,0.000727912554081251,0.000706668379802133
58,0.999943138805662,0.000741083189491951,0.00073996408643359,0.000770910959784145
59,0.999941891067855,0.000757345203054471,0.000754425925256396,0.000835153539766157
60,0.999940821578306,0.000771284071822345,0.000766477457608735,0.000899396119748169
61,0.999939395592241,0.000789869230179509,0.000783349602902009,0.000963638699730181
62,0.999935830627079,0.000836332126072422,0.000826735119370428,0.00109212385969421
63,0.999930839675852,0.000901380180322499,0.000889403087602589,0.00122060901965823
64,0.999926918214173,0.000952489365804703,0.000937609217011943,0.00134909417962225
65,0.999921749014688,0.00101986056484943,0.00100509779818504,0.00141333675960427
66,0.999916936311719,0.00108258547430486,0.00106535545994673,0.00154182191956829
67,0.999913014850041,0.00113369465978706,0.00111115128288562,0.00173454965951433
68,0.999911410615718,0.00115460296293887,0.00112802342817889,0.00186303481947835
69,0.999904280685393,0.0012475287547247,0.00121961507405667,0.00199151997944237
70,0.999893407541648,0.00138924058719808,0.00135941284934379,0.00218424771938841
71,0.999888594838679,0.00145196549665351,0.00141967051110549,0.00231273287935243
72,0.999884138632226,0.00151004411651965,0.00147510755992624,0.00244121803931646
73,0.999878434687967,0.00158438474994831,0.00154982706051074,0.00250546061929847
74,0.999873443736739,0.00164943280419839,0.00161008472227244,0.00269818835924451
75,0.999869878771577,0.0016958957000913,0.00165105993227039,0.00289091609919054
76,0.999862214096478,0.00179579092626106,0.0017474721910891,0.00308364383913658
77,0.999855797159186,0.0018794241388683,0.00182460199814406,0.00334061415906463
78,0.999843676277634,0.00203739798490421,0.001978861612254,0.00359758447899268
79,0.999836902843826,0.00212567748710074,0.00206322233872037,0.00379031221893871
80,0.99982335597621,0.00230223649149381,0.00223676440459404,0.00404728253886676
81,0.999818008528466,0.00237193083533317,0.00230184267929667,0.0042400102788128
82,0.999815869549369,0.00239980857286892,0.00232353543753088,0.00443273801875883
83,0.999807313632979,0.00251131952301191,0.00242958892223146,0.00468970833868688
84,0.999800361950913,0.00260192217000309,0.00251153934222736,0.00501092123859694
85,0.999789488807168,0.00274363400247647,0.00264410619810309,0.00539637671848901
86,0.999783071869876,0.00282726721508371,0.00272364631162852,0.00558910445843505
87,0.999773802960454,0.00294807074440529,0.00284175132868144,0.00578183219838109
88,0.999767386023162,0.00303170395701253,0.00292370174867734,0.00591031735834511
89,0.999762395071935,0.00309675201126261,0.0029863697169095,0.00603880251830914
90,0.999747422218253,0.00329189617401284,0.00316714270219458,0.00661698573814724
91,0.99972603242728,0.00357067354937031,0.00344432794629837,0.0069381986380573
92,0.999713198552695,0.0037379399745848,0.00360822878629018,0.00719516895798535
93,0.999701255919402,0.00389359067582605,0.00376007809392964,0.0074521392779134
94,0.999688600293076,0.00405853395624589,0.00391674801451005,0.00783759475780547
95,0.999680579121461,0.00416307547200494,0.00401798088626969,0.00803032249775151
96,0.999677014156298,0.00420953836789786,0.00406136640273811,0.00815880765771553
97,0.999661863054359,0.00440700567544273,0.00425660122684599,0.00841577797764358
98,0.99964475122158,0.00463002757572871,0.00448075972859949,0.00860850571758962
99,0.999631026105705,0.00480890972491642,0.00464707087506176,0.00912244635744571
100,0.999607675583892,0.005113241693015,0.00493871795798836,0.00976487215726584
101,0.999580938345175,0.00546171341221184,0.00529303300914711,0.00995759989721187
102,0.999566856732784,0.00564524185098885,0.00546416476855032,0.010471540537068
103,0.999558835561169,0.0057497833667479,0.00556539764030997,0.010664268277014
104,0.999522116419998,0.0062283511944449,0.00604986924087398,0.0109854811769241
105,0.999494309691732,0.00659076178240961,0.00640900490497367,0.0114351792367981
106,0.99945384733714,0.00711811565079417,0.00693927232847657,0.0118848772966722
107,0.999417128195969,0.00759668347849116,0.00742374392904058,0.0122060901965823
108,0.999372387883183,0.00817979282194721,0.00800221748195283,0.0129127585763844
109,0.999337807721108,0.00863048291210846,0.00844330356604842,0.0136194269561866
110,0.999319448150523,0.00886976682595696,0.00867710329368379,0.0140048824360786
111,0.999267399659154,0.00954812510599348,0.00934957879894429,0.0148400359758448
112,0.999228363290627,0.0100568938160209,0.0098485122383311,0.0156109469356289
113,0.999195743859392,0.010482029313441,0.0102582643383106,0.0164461004753951
114,0.999154212015252,0.0110233220505934,0.010790942068284,0.0172170114351792
115,0.999117136377564,0.0115065361678797,0.0112681827494366,0.0178594372349994
116,0.999085942932394,0.0119130865069427,0.0116731142364752,0.0183091352948734
117,0.999067226865292,0.0121570167103805,0.0118900418188173,0.0192727739946036
118,0.9990135741396,0.0128562832935688,0.012584210082312,0.0201079275343698
119,0.998957604186552,0.0135857507590876,0.0133145329428637,0.0208145959141719
120,0.998902168978279,0.0143082487902223,0.0140303939645926,0.0217139920339201
121,0.998846199025232,0.0150377162557411,0.0147631271316148,0.0223564178337402
122,0.998787911844829,0.0157973846035902,0.0154982706051074,0.0237697545933445
123,0.99874994496585,0.0162922144448497,0.015980331899201,0.0246049081331106
124,0.998718395024164,0.016703411073502,0.0163659809344758,0.0256970319928048
125,0.998646917472661,0.0176349921361549,0.0172939489256059,0.026724913272517
126,0.998579004886319,0.0185201103029148,0.0181544283355629,0.0282667351920853
127,0.998501823390556,0.0195260319989964,0.0191474746013956,0.0296158293717076
128,0.998438901755442,0.0203461021115063,0.0199235932848862,0.0316073493511499
129,0.99837580187207,0.0211684953688109,0.0207165841136701,0.0332134138507002
130,0.998332844041865,0.0217283732643204,0.021246851537173,0.0345625080303225
131,0.998297016141984,0.0221953253680442,0.0216590139436229,0.0364897854297829
132,0.998201118579119,0.0234451772675636,0.022885859937091,0.0383528202492612
133,0.99811128145703,0.0246160422440649,0.0240331658170336,0.0401516124887576
134,0.99803000025133,0.0256753962704233,0.0250720079058052,0.0417576769883079
135,0.997941945611822,0.0268230297989783,0.0261903901081022,0.0436849543877682
136,0.997860664406122,0.0278823838253367,0.0272436940356966,0.0449055634074264
137,0.997803090218752,0.0286327595940072,0.0279595550574256,0.0465758704869588
138,0.997759597643772,0.0291996069239007,0.0284729503356352,0.0485673904664011
139,0.997654965916259,0.0305632929183577,0.0297889776685106,0.0512013362456636
140,0.997549977692231,0.031931625202404,0.0311315183725611,0.053257098805088
141,0.997446237206008,0.0332836954728877,0.0324186220277908,0.0563407426442246
142,0.997345883436691,0.0345916259922732,0.0336888535377273,0.058653475523577
143,0.99725337259073,0.0357973381406943,0.0348602624823746,0.0607734806629834
144,0.997208988774459,0.0363758011945611,0.0353543753088205,0.063600154182192
145,0.997174408612385,0.0368264912847223,0.0357183315858611,0.0663625851214185
146,0.997072450608744,0.0381553301072596,0.0370198970799137,0.0684183476808429
147,0.996967818881232,0.0395190161017166,0.0383383347192596,0.0709880508801233
148,0.996875664531787,0.0407200819605484,0.0394687684539089,0.0740716947192599
149,0.996766576597822,0.0421418465748715,0.0408354122226641,0.0769626108184505
150,0.996669074800634,0.0434126067775426,0.0420477963773094,0.079789284337659
151,0.996620234777911,0.0440491484512755,0.0426190390108102,0.0821662597969934
152,0.996596171263065,0.0443627729985527,0.0428359665931523,0.085057175896184
153,0.996555887156732,0.0448878037221426,0.0432481289996023,0.0885905177951947
154,0.996491004790778,0.0457334284273936,0.043983272473095,0.0923808300141334
155,0.996438778051151,0.0464141098522248,0.0445930800101233,0.0949505332134138
156,0.996375499919521,0.047238826254324,0.0453523265483206,0.0975202364126943
157,0.996314717263504,0.0480310186292981,0.0460778287959314,0.100089939611975
158,0.996292257982982,0.0483237348734235,0.0462851151523916,0.102659642811255
159,0.996273007171106,0.0485746345112452,0.0464200923147378,0.10600025697032
160,0.996206520570829,0.049441167519648,0.0472203140629331,0.108634202749582
161,0.996133260536745,0.0503959800302473,0.0481000759246538,0.111589361428755
162,0.996065347950403,0.0512810981970073,0.0488858358340263,0.115122703327766
163,0.996002069818773,0.0521058145991065,0.0496137483881075,0.118527560066812
164,0.995929522777721,0.0530513345305273,0.0504621762657122,0.122060901965823
165,0.995891912395259,0.0535415180821975,0.0508936211239259,0.124116664525247
166,0.995862679680928,0.0539225138285194,0.0511635754486183,0.127457278684312
167,0.995794232349813,0.0548146014296633,0.0519830796485773,0.13028395220352
168,0.995728102246053,0.0556764881484768,0.0527616086385384,0.133367596042657
169,0.995661793894035,0.056540698012085,0.0535594200802632,0.13600154182192
170,0.995590138094273,0.0574746022195325,0.0544247201031611,0.138763972761146
171,0.995527038210901,0.0582969954768371,0.0552032490931222,0.140755492740588
172,0.995490675566246,0.0587709170149448,0.0556130011931017,0.142939740459977
173,0.995461977596689,0.0591449433268827,0.0558998276630874,0.145637928819221
174,0.995385509093959,0.0601415724437857,0.0568277956542174,0.14846460233843
175,0.995316170521553,0.0610452757689028,0.0576882750641744,0.150520364897854
176,0.995240949756629,0.0620256428722433,0.0586307048941273,0.152511884877297
177,0.995170185198158,0.0629479313557176,0.0594694915458501,0.155659771296415
178,0.99511136327298,0.0637145691379507,0.0601588391964038,0.158486444815624
179,0.995070009677098,0.0642535387303084,0.0606192077322632,0.161120390594886
180,0.995043807183155,0.0645950410151214,0.0609012135893079,0.163047667994347
181,0.994967338680425,0.0655916701320243,0.0618508743386722,0.165296158293717
182,0.994869836883236,0.0668624303346955,0.0630945924774335,0.167287678273159
183,0.994773582823855,0.0681169285238041,0.0643214384709016,0.169279198252602
184,0.994678041757506,0.0693621341337342,0.0655579256902515,0.170756777592188
185,0.994591769600579,0.0704865362143426,0.066642563601962,0.172941025311577
186,0.9945482770256,0.0710533835442362,0.0671463176542897,0.175189515610947
187,0.994519222559527,0.0714320561457634,0.0674548368825096,0.177438005910317
188,0.994442932305055,0.0724263621178717,0.0683828048736397,0.180200436849544
189,0.994355590658579,0.0735647030672481,0.0694794943177025,0.182448927148914
190,0.994273596459847,0.0746333496727851,0.0705038745676513,0.184697417448285
191,0.994189641530276,0.0757275508710631,0.0715595888017161,0.186817422587691
192,0.9941154902549,0.0766939791056357,0.0724827361799053,0.188937427727098
193,0.99408340556844,0.0771121451686719,0.0728466924569459,0.190800462546576
194,0.994059342053595,0.0774257697159491,0.0731142364751678,0.192342284466144
195,0.993980734571767,0.0784502765703878,0.074109693047471,0.19414107670564
196,0.993886441243225,0.0796792201667553,0.0753027947503525,0.196325324425029
197,0.993806229527074,0.0807246353243459,0.0763175337744194,0.198188359244507
198,0.993747407601896,0.0814912731065789,0.0770285741832074,0.200436849543878
199,0.993686624945879,0.0822834654815531,0.0777902310278752,0.202042914043428
200,0.993655075004193,0.0826946621102053,0.0781469563855044,0.203905948862906
201,0.993632615723671,0.0829873783543307,0.0783831664196103,0.205704741102403
202,0.99354384809113,0.0841443044620642,0.0794967280089663,0.208017473981755
203,0.993489304124148,0.0848551867692258,0.0801571519818745,0.210073236541179
204,0.993451693741686,0.085345370320896,0.0806054689853815,0.21167930104073
205,0.993355439682305,0.0865998685100046,0.0818299046723791,0.213735063600154
206,0.993277188696993,0.087619729074854,0.0828301818576232,0.215276885519722
207,0.993236548094143,0.0881494060880332,0.0833218843775986,0.216818707439291
208,0.993205889393747,0.0885489869927123,0.0836761994287574,0.218424771938841
209,0.993110526575657,0.0897918694578477,0.0848909938898731,0.220416291918283
210,0.993018372226212,0.0909929353166795,0.0860744543668727,0.222086598997816
211,0.992934952041415,0.0920801670805736,0.0871157067621148,0.224399331877168
212,0.992852066601392,0.0931604294100838,0.088183472528532,0.225812668636772
213,0.992778450070791,0.0941198882102725,0.0890945683743688,0.228061158936143
214,0.992740483191813,0.094614718051532,0.0895236029261121,0.230309649235513
215,0.992713211208322,0.0949701592051128,0.0898393530737433,0.231722985995118
216,0.992606084005196,0.0963663692266948,0.0912180483748509,0.233586020814596
217,0.992520168344785,0.097486125017714,0.0923099172059727,0.235449055634074
218,0.992451721013669,0.0983782126188579,0.0931703966159297,0.237183605293589
219,0.992382738937779,0.0992772696543858,0.09404774817118,0.238661184633175
220,0.992317856571826,0.100122894359637,0.0948479699193752,0.240716947192599
221,0.992276324727686,0.100664187096789,0.0953348518264097,0.242708467172042
222,0.992248874495936,0.101021951395165,0.0956457813611001,0.244314531671592
223,0.992145312257972,0.102371698520854,0.0969738602263278,0.246241809071052
224,0.992047097467752,0.103651751302703,0.0982320402039119,0.248104843890531
225,0.991944069974562,0.104994528994009,0.0995769912144329,0.249389695490171
226,0.991858867307184,0.106104992205849,0.100661629126143,0.251188487729667
227,0.991769208433353,0.107273534037556,0.101811345312556,0.2528587948092
228,0.9917175164385,0.107947246028003,0.10244525591429,0.254593344468714
229,0.991681510290361,0.108416521276522,0.102855008014269,0.256649107028138
230,0.991556736509682,0.110042722632774,0.104472323655953,0.258512141847617
231,0.991448896313523,0.111448225233534,0.105855839570001,0.260503661827059
232,0.991359237439692,0.112616767065241,0.107015196982296,0.261916998586663
233,0.991268330828054,0.11380157091051,0.108164913168709,0.26403700372607
234,0.991173146258222,0.115042130230851,0.109391759162177,0.26564306822562
235,0.99112038477382,0.115729781090066,0.110028080070381,0.267698830785044
236,0.991086517604778,0.116171178601049,0.110420960025067,0.269433380444559
237,0.990988481062816,0.117448908238104,0.111650216325006,0.272003083643839
238,0.990896683209888,0.118645327807346,0.112790291285537,0.274701272003084
239,0.990796864185344,0.119946288892348,0.114046060956651,0.277206732622382
240,0.990720039186097,0.12094756429884,0.114993311399544,0.279647950661699
241,0.990630380312266,0.122116106130547,0.116126155440664,0.281767955801105
242,0.99058278802735,0.122736385790717,0.11672150113887,0.283052807400745
243,0.990550346844373,0.123159198143343,0.117092688335322,0.284851599640242
244,0.990455875267573,0.124390464884505,0.118285790038203,0.287100089939612
245,0.99036924661413,0.125519513254703,0.119387300095207,0.28896312475909
246,0.990290104387527,0.126550989543525,0.120365884522217,0.291404342798407
247,0.990207040699246,0.12763357501783,0.121397495691577,0.293845560837723
248,0.990128433217419,0.128658081872269,0.122366438892705,0.296351021457022
249,0.990088862104117,0.12917382001668,0.122821986815624,0.298471026596428
250,0.990059451141529,0.129557138907797,0.123154609108548,0.300205576255942
251,0.989972109495053,0.130695479857173,0.1242440676332,0.302646794295259
252,0.9898731817118,0.131984825218201,0.125511888836666,0.304509829114737
253,0.989776749404161,0.133241646552105,0.126726683297781,0.306886804574072
254,0.989671048187099,0.13461927141533,0.128052351856539,0.309649235513298
255,0.989532014545771,0.136431324355153,0.129838388951155,0.312154696132597
256,0.989458041518654,0.137395429444931,0.130773587861697,0.313889245792111
257,0.989406706020317,0.138064495145789,0.131390626318136,0.315945008351535
258,0.989280506253573,0.139709281660398,0.133036865637466,0.317551072851086
259,0.989151098018182,0.141395884781311,0.134690335876207,0.320120776050366
260,0.989041118842926,0.142829265119607,0.136105185774371,0.322048053449827
261,0.988930783171154,0.144267291747493,0.13754413873724,0.323461390209431
262,0.988818665016801,0.145728549823325,0.138999963845403,0.325067454708981
263,0.988752534913041,0.146590436542138,0.13980741651301,0.327380187588334
264,0.988701021166446,0.147261825387791,0.140434096195331,0.329243222407812
265,0.988652894136755,0.147889074482345,0.141000518215891,0.331491712707182
266,0.988545588685371,0.149287607648722,0.142369572291117,0.333675960426571
267,0.988453790832443,0.150484027217964,0.143524109090471,0.335988693305923
268,0.988353258814867,0.151794280882145,0.144816033358642,0.337787485545419
269,0.988250053073419,0.153139381718244,0.146136881304458,0.339779005524862
270,0.988198182830308,0.153815416853486,0.14676838159972,0.34164204034434
271,0.988165206902557,0.154245198640496,0.14712510695735,0.344019015803675
272,0.988067705105369,0.155515958843167,0.148383286934934,0.345625080303225
273,0.987979828714119,0.156661269226927,0.149501669137231,0.347488115122703
274,0.987885891882093,0.157885566533705,0.150709232678935,0.349158422202236
275,0.987790885560519,0.159123802709251,0.151936078672403,0.350700244121804
276,0.987702830921011,0.160271436237806,0.153059281487641,0.3524990363613
277,0.987646504471447,0.161005549992914,0.153765501283488,0.353976615700887
278,0.987617984750149,0.161377253160058,0.15408366173759,0.355775407940383
279,0.987521730690767,0.162631751349166,0.155315328343999,0.357638442759861
280,0.987432606561711,0.163793323746489,0.15645540330453,0.359372992419376
281,0.987357207548529,0.164776013994624,0.157395422828013,0.361492997558782
282,0.987283769266186,0.165733149650018,0.158333032045025,0.362970576898368
283,0.987216747921135,0.166606652092805,0.159169408390277,0.364833611717847
284,0.987176463814802,0.167131682816395,0.15965146968437,0.366503918797379
285,0.987154182782537,0.167422075915726,0.159865986960242,0.368816651676731
286,0.987063810915674,0.168599910326611,0.16103980621136,0.370101503276372
287,0.986955970719515,0.170005412927372,0.162449835496583,0.371386354876012
288,0.986851873736777,0.171362129487445,0.163768273135929,0.373763330335346
289,0.986748133250555,0.172714199757928,0.165120455065862,0.375112424514969
290,0.986638688820073,0.174140610661841,0.166525663738144,0.377103944494411
291,0.986571489226764,0.175016436249422,0.167369271002808,0.378838494153925
292,0.986524431686622,0.175629746475209,0.16794774455572,0.380380316073493
293,0.986395023451232,0.177316349596121,0.169661472456223,0.381343954773224
294,0.986270784415327,0.178935581517989,0.171257095339672,0.383592445072594
295,0.986159379254006,0.180387547014643,0.17268640707666,0.385648207632019
296,0.986060986215527,0.181669922941287,0.173966279812478,0.386997301811641
297,0.985976496541182,0.182771093573949,0.175046097111248,0.388667608891173
298,0.985926052284136,0.183428543550834,0.175663135567687,0.390402158550687
299,0.985884698688253,0.183967513143192,0.176150017474722,0.392329435950148
300,0.985758320673251,0.185614622802595,0.177801077406992,0.393871257869716
301,0.985635329375153,0.187217592710901,0.179391879677501,0.395798535269176
302,0.985534797357577,0.188527846375081,0.180647649348615,0.398560966208403
303,0.985447633959359,0.189663864179663,0.181751569712089,0.400552486187845
304,0.98541447978335,0.190095969111467,0.182125167215011,0.402544006167288
305,0.985352627637785,0.190902100355209,0.18288923436615,0.404471283566748
306,0.985301470387706,0.191568842911272,0.183479759451414,0.407169471925993
307,0.98515744579515,0.193445943905346,0.18531400267544,0.410188873185147
308,0.985009677989174,0.195371830940107,0.187213324174169,0.41282281896441
309,0.984876526540364,0.197107220101707,0.188915000542319,0.415456764743672
310,0.984748900787554,0.198770591774674,0.190544367716355,0.418026467942953
311,0.984718420335417,0.199167849534558,0.190874579702809,0.420210715662341
312,0.984622166276036,0.200422347723667,0.192077322631573,0.422844661441603
313,0.984549440986725,0.201370190799882,0.192949853573882,0.425799820120776
314,0.984337503807828,0.204132409960716,0.195680730804922,0.429397404599769
315,0.984129131594094,0.206848166225656,0.198387504971257,0.432352563278941
316,0.983963538962306,0.209006367739882,0.200489292213505,0.436014390337916
317,0.983776021794771,0.211450316063849,0.202918881135736,0.438841063857125
318,0.983593673826721,0.213826893188772,0.205266519637972,0.441988950276243
319,0.983500449987728,0.215041897916371,0.206421056437326,0.444815623795452
320,0.983440380324743,0.215824797712167,0.207105583474939,0.448220480534498
321,0.983261597321856,0.218154911941197,0.209402605541295,0.451432609533599
322,0.983083349063742,0.220478056735842,0.211675524542946,0.455094436592574
323,0.98292666884486,0.222520101010336,0.213630283090495,0.45946293203135
324,0.982755372268813,0.22475264315799,0.215789917688034,0.463638699730181
325,0.982576232769409,0.227087403676609,0.218077298528508,0.467236284209174
326,0.982487465136869,0.228244329784342,0.219142653988455,0.470833868688167
327,0.982423830508722,0.229073692476031,0.219812719187245,0.475909032506745
328,0.982229183410862,0.231610566591784,0.222266411174181,0.480662983425414
329,0.982026336893129,0.234254305368091,0.224821336032877,0.485673904664011
330,0.981864487474762,0.236363720841629,0.226814659483953,0.490877553642554
331,0.981711372221043,0.238359302220229,0.228685057305036,0.496209687781061
332,0.981548096816611,0.240487302852125,0.230743459030816,0.500192727739946
333,0.981467350355685,0.241539687444099,0.231709991925473,0.503533341899011
334,0.981416727850381,0.242199460565779,0.232216156284272,0.50828729281768
335,0.981246857260399,0.244413417555076,0.234305891994167,0.513812154696133
336,0.981082690614677,0.246553033910945,0.236364293719946,0.518116407554927
337,0.980944904711155,0.248348824837206,0.238063559781626,0.522484902993704
338,0.980812644503635,0.250072598274833,0.239661592971546,0.527560066812283
339,0.980713181975607,0.251368913070245,0.240905311110308,0.530258255171528
340,0.980645091141008,0.2522563543818,0.241717584390855,0.533149171270718
341,0.980611580468483,0.252693105603193,0.242038155151428,0.536682513169729
342,0.980568087893503,0.253259952933086,0.242457548477289,0.54117949376847
343,0.980468625365476,0.254556267728499,0.243667522325464,0.544777078247462
344,0.980378075250354,0.255736425284179,0.244756980850115,0.548374662726455
345,0.980291268348653,0.256867796799171,0.245791002325946,0.552100732365412
346,0.980218721307601,0.257813316730592,0.246624968364728,0.556019529744315
347,0.980178793697783,0.258333701164592,0.247054002916471,0.558974688423487
348,0.980158116899842,0.258603185960771,0.247225134675874,0.561865604522678
349,0.980066497295172,0.259797282385219,0.248357978716994,0.564692278041886
350,0.979990563537215,0.260786942067738,0.249281126095183,0.567454708981113
351,0.979921403213067,0.261688322248061,0.25014160550514,0.569446228960555
352,0.979871137204279,0.262343449080151,0.250722489364523,0.572080174739818
353,0.979821405940266,0.262991606477857,0.251310604143317,0.574328665039188
354,0.979802868121422,0.2632332135365,0.251493787435072,0.576127457278684
355,0.979791638481161,0.263379571658563,0.251580558468009,0.577862006938199
356,0.97976151452554,0.263772183128858,0.251918001373875,0.579725041757677
357,0.979722478157013,0.264280951838885,0.252347035925618,0.582358987536939
358,0.979683798285002,0.264785074259323,0.252751967412657,0.585506873956058
359,0.979649218122928,0.265235764349485,0.253144847367343,0.5874983939355
360,0.979609647009627,0.265751502493896,0.253578702532027,0.590196582294745
361,0.979590039701234,0.266007048421307,0.253778757969076,0.591931131954259
362,0.979573284364972,0.266225424032004,0.253935427889656,0.593794166773738
363,0.979524087845733,0.266866611995326,0.25452354266845,0.595849929333162
364,0.979476495560816,0.267486891655496,0.255094785301951,0.597777206732622
365,0.979434785468418,0.268030507537443,0.255598539354279,0.599383271232173
366,0.979391827638212,0.268590385432953,0.256111934632489,0.601182063471669
367,0.97935421725575,0.269080568984623,0.256557841329525,0.602852370551201
368,0.979337461919488,0.26929894459532,0.256724152475987,0.604458435050752
369,0.97932587578271,0.269449949006972,0.256808513202454,0.606385712450212
370,0.979280957221666,0.270035381495222,0.257360473384191,0.607863291789798
371,0.979244238080494,0.270513949322919,0.25782084192005,0.608826930489528
372,0.979211083904485,0.270946054254724,0.25823059402003,0.609854811769241
373,0.979178999218025,0.27136422031776,0.25864516673295,0.610368752409097
374,0.979147627524597,0.271773093801617,0.259013943622932,0.611846331748683
375,0.979131763429625,0.271979853688341,0.259199537221158,0.612617242708467
376,0.979120355541106,0.272128534955198,0.259281487641154,0.614544520107927
377,0.979086131875548,0.27257457875577,0.259705701579956,0.61557240138764
378,0.979056720912959,0.272957897646887,0.260072068163467,0.616407554927406
379,0.979028735936435,0.273322631379646,0.260416741988744,0.617306951047154
380,0.9789961165052,0.273747766877066,0.26080721163696,0.618656045226776
381,0.978971339997323,0.274070684003522,0.26111814117165,0.619298471026596
382,0.97896117984661,0.274203103256817,0.26121937404341,0.620262109726327
383,0.978952980426737,0.27430996791737,0.261289272931053,0.621354233586021
384,0.978940681296927,0.274470264908201,0.261419429480458,0.622317872285751
385,0.978906635879628,0.274913985563978,0.261843643419261,0.623281510985481
386,0.97888275061304,0.275225286966461,0.262132880195717,0.624180907105229
387,0.978864747538971,0.27545992459072,0.262335345939236,0.625273030964924
388,0.97884781395445,0.275680623346211,0.262537811682755,0.625979699344726
389,0.978838723293286,0.275799103730738,0.262639044554515,0.626557882564564
390,0.978833910590317,0.275861828640194,0.262680019764513,0.627200308364384
391,0.978813946785409,0.276122020857194,0.262935512250383,0.627585763844276
392,0.978795587214823,0.276361304771042,0.263159670752136,0.628228189644096
393,0.978782931588497,0.276526248051462,0.263304289140364,0.628934858023898
394,0.97876653274875,0.27673997737257,0.263511575496824,0.62932031350379
395,0.978747460185132,0.276988553865597,0.26374537522446,0.62996273930361
396,0.978740686751324,0.277076833367793,0.263822505031515,0.630348194783502
397,0.978735161055322,0.277148850856427,0.263880352386806,0.630797892843377
398,0.978709493306154,0.277483383706856,0.264193692227967,0.631697288963125
399,0.978691490232085,0.277718021331116,0.264422671342661,0.632082744443017
400,0.978673665406273,0.27795033581058,0.264658881376767,0.632211229602981
401,0.978664218248593,0.278073462484696,0.264781807006761,0.632339714762945
402,0.978657623063043,0.278159418842098,0.264854116200875,0.632789412822819
403,0.978649245394912,0.278268606647447,0.264950528459694,0.633239110882693
404,0.978645323933233,0.278319715832929,0.264989093363221,0.633624566362585
405,0.978622151659678,0.278621724656233,0.265285561059089,0.634074264422459
406,0.978603613840835,0.278863331714876,0.265512129867313,0.634716690222279
407,0.978585610766765,0.279097969339135,0.265745929594948,0.634973660542207
408,0.978564933968824,0.279367454135314,0.266008653000229,0.635423358602081
409,0.978551565349466,0.279541689994912,0.266172553840221,0.635873056661956
410,0.978545326660432,0.279623000062725,0.266244863034335,0.636194269561866
411,0.978540692205721,0.279683401827386,0.266288248550803,0.636708210201722
412,0.978519124166489,0.279964502347538,0.266560613181966,0.637222150841578
413,0.978500051602871,0.280213078840565,0.266804054135483,0.63760760632147
414,0.978486148238738,0.280394284134547,0.266980006507827,0.63792881922138
415,0.97846992764725,0.28060569031086,0.267170420718994,0.638699730181164
416,0.978456024283117,0.280786895604842,0.267343962784868,0.639085185661056
417,0.978449429097566,0.280872851962244,0.267423502898394,0.639342155980984
418,0.978446577125437,0.280910022278959,0.26745483688251,0.63953488372093
419,0.978431960768271,0.28110052015212,0.267642840787206,0.639791854040858
420,0.978417344411106,0.28129101802528,0.267828434385432,0.640113066940768
421,0.978406649515619,0.281430406712959,0.267965821854249,0.640305794680714
422,0.978393815641035,0.281597673138174,0.268117671161888,0.640883977900553
423,0.978375634318708,0.281834633907228,0.268349060583053,0.641269433380445
424,0.978368326140125,0.281929882843808,0.26843824192246,0.641526403700373
425,0.97836404818193,0.28198563831888,0.268481627438929,0.641911859180265
426,0.978348540583474,0.282187751916014,0.268676862263037,0.642297314660157
427,0.978333032985018,0.282389865513148,0.268884148619497,0.642361557240139
428,0.978320020862176,0.282559455083157,0.269045639153018,0.642747012720031
429,0.978307186987592,0.282726721508371,0.269192667847717,0.643453681099833
430,0.978296313843847,0.282868433340845,0.269325234703593,0.643839136579725
431,0.97829221413391,0.282921865671122,0.26936379960712,0.644288834639599
432,0.978287401430941,0.282984590580577,0.269404774817118,0.644931260439419
433,0.978269754853388,0.283214581915247,0.269628933318871,0.645316715919311
434,0.978253890758416,0.28342134180197,0.269831399062391,0.645637928819221
435,0.978238026663444,0.283628101688694,0.27003145449944,0.646023384299113
436,0.978224658044085,0.283802337548292,0.270207406871784,0.646151869459077
437,0.978207367963048,0.284027682593373,0.270429155067067,0.646473082358987
438,0.978199168543175,0.284134547253927,0.270535208551767,0.646601567518952
439,0.978194355840206,0.284197272163382,0.270590645600588,0.64685853783888
440,0.978184195689494,0.284329691416677,0.270706340311171,0.647436721058718
441,0.978167262104973,0.284550390172168,0.270923267893513,0.647757933958628
442,0.978152111003033,0.284747857479713,0.271123323330561,0.647886419118592
443,0.9781382076389,0.284929062773696,0.271306506622317,0.648014904278556
444,0.978121452302638,0.285147438384392,0.27152584451113,0.648207632018502
445,0.978112005144958,0.285270565058508,0.271636718608771,0.648657330078376
446,0.978108618428054,0.285314704809607,0.271668052592887,0.649042785558268
447,0.978086159147531,0.285607421053732,0.271945237836991,0.64974945393807
448,0.97807118629385,0.285802565216482,0.272133241741687,0.650134909417962
449,0.978055322198878,0.286009325103206,0.272333297178736,0.650520364897854
450,0.978038566862615,0.286227700713902,0.272547814454608,0.650841577797764
451,0.978016642326867,0.286513447523644,0.272834640924594,0.651098548117692
452,0.978011473127382,0.286580818722689,0.272887667666944,0.651548246177566
453,0.978006838672671,0.286641220487349,0.272935873796353,0.651933701657459
454,0.977981170923502,0.286975753337778,0.273270906395748,0.652254914557369
455,0.977957642153432,0.287282408450671,0.273572194704557,0.652704612617243
456,0.977944808278847,0.287449674875886,0.27374332646396,0.652768855197225
457,0.977922883743099,0.287735421685627,0.274030152933946,0.653025825517153
458,0.977904345924256,0.287977028744271,0.274278414500404,0.653090068097135
459,0.977897037745673,0.288072277680851,0.274370006146281,0.653282795837081
460,0.977891155553155,0.288148941459074,0.274439905033925,0.653539766157009
461,0.977869587513923,0.288430041979226,0.27472191089097,0.653796736476937
462,0.977852119184628,0.288657710169102,0.274953300312135,0.653925221636901
463,0.977836433337914,0.288862146911031,0.275153355749183,0.654246434536811
464,0.977817182526038,0.289113046548852,0.275408848235053,0.654374919696775
465,0.977793297259451,0.289424347951335,0.275719777769743,0.654696132596685
466,0.977783493605255,0.28955212091504,0.275852344625619,0.654696132596685
467,0.977776898419704,0.289638077272442,0.275931884739145,0.654953102916613
468,0.977748378698406,0.290009780439585,0.276300661629126,0.655402800976487
469,0.977725741169626,0.290304819828505,0.276604360244405,0.655467043556469
470,0.977707559847298,0.290541780597559,0.276828518746159,0.656045226776307
471,0.977684387573744,0.290843789420863,0.277127396748497,0.656430682256199
472,0.977663176031028,0.291120243651426,0.277406992299071,0.656623409996145
473,0.977656580845478,0.291206200008828,0.277491353025537,0.656751895156109
474,0.977651946390767,0.291266601773489,0.277549200380828,0.656880380316074
475,0.977627882875922,0.291580226320766,0.27786736083493,0.657073108056019
476,0.977606136588432,0.291863649985713,0.278154187304916,0.657265835795966
477,0.977582073073586,0.29217727453299,0.278465116839606,0.657651291275858
478,0.977560861530871,0.292453728763553,0.278739891777239,0.657972504175768
479,0.977542323712027,0.292695335822196,0.278988153343698,0.65803674675575
480,0.977531807064798,0.29283240136508,0.279127951118985,0.658100989335732
481,0.977524677134474,0.292925327156866,0.279224363377803,0.658100989335732
482,0.977493127192788,0.293336523785518,0.279643756703665,0.658293717075678
483,0.977471380905298,0.293619947450465,0.279930583173651,0.658486444815624
484,0.977440543956644,0.294021851499938,0.28034033527363,0.65867917255557
485,0.977412202483604,0.294391231522287,0.280718753389493,0.658807657715534
486,0.977385999989662,0.2947327338071,0.281065837521241,0.65900038545548
487,0.977374057356368,0.294888384508341,0.28121768682888,0.659257355775408
488,0.977365501439979,0.294999895458484,0.281326150620051,0.659450083515354
489,0.977323078354548,0.29555280391961,0.281892572640611,0.6596428112553
490,0.977285289723827,0.296045310616075,0.282393916386469,0.659899781575228
491,0.977246966348333,0.296544786746924,0.282904901358208,0.660092509315174
492,0.977201513042514,0.297137188669558,0.283509888282295,0.660349479635102
493,0.977159981198374,0.297678481406711,0.284064258770503,0.660542207375048
494,0.977136630676561,0.297982813374809,0.284380008918134,0.660542207375048
495,0.977122727312428,0.298164018668792,0.28456801282283,0.660542207375048
496,0.977058736187765,0.298998027650069,0.285421261313376,0.660863420274958
497,0.97700062725562,0.299755372853124,0.286194969690396,0.661184633174868
498,0.976935744889667,0.300600997558375,0.287062680019765,0.661441603494796
499,0.976871575516746,0.301437329684447,0.287911107897369,0.661955544134652
500,0.976798137234403,0.302394465339841,0.288887282017909,0.662405242194527
501,0.976767835030524,0.302789399954931,0.289287392892006,0.662662212514455
502,0.976750901446003,0.303010098710422,0.289501910167878,0.663047667994347
503,0.976640565774231,0.304448125338308,0.290974607421334,0.663561608634203
504,0.976539320763623,0.305767671581667,0.292329199657736,0.663947064114095
505,0.976420429175461,0.307317209159695,0.293922412234716,0.664332519593987
506,0.976304211311171,0.308831899565804,0.295477059908167,0.664782217653861
507,0.976188884688172,0.31033497424794,0.297022066355737,0.665167673133753
508,0.976140757658481,0.310962223342494,0.297651156344529,0.665745856353591
509,0.976101364793438,0.311475638342111,0.298150089783916,0.666645252473339
510,0.975946467057137,0.313494451168658,0.300220543042048,0.667287678273159
511,0.97579602552729,0.315455185375339,0.302216276799595,0.668315559552872
512,0.975648257721313,0.3173810724101,0.304171035347144,0.669471925992548
513,0.975482665089526,0.319539273924326,0.306381286380563,0.670242836952332
514,0.975315646471674,0.321716060596909,0.308608409559275,0.671077990492098
515,0.975245951402751,0.322624410211615,0.309524326018053,0.6717846588719
516,0.975192655173575,0.323319030505214,0.310196801523314,0.673069510471541
517,0.974976974781258,0.326130035706735,0.313057835303759,0.674547089811127
518,0.974733844157191,0.329298805206632,0.316297287200068,0.675831941410767
519,0.974522085226553,0.332058701222671,0.319105294238162,0.677309520750353
520,0.974323873163531,0.334642038234317,0.321737348903913,0.678594372349994
521,0.974100884592631,0.337548292372419,0.324706846475529,0.679814981369652
522,0.974015147180478,0.338665725018643,0.325796305000181,0.68167801618913
523,0.973936896195166,0.339685585583493,0.326779710040132,0.683669536168573
524,0.973642608321021,0.343521097639453,0.330677175602878,0.685853783887961
525,0.973373988196044,0.347022076844984,0.334198633356231,0.688808942567134
526,0.973103407340228,0.350548610643256,0.337809272448992,0.690093794166774
527,0.972811614941696,0.35435159867209,0.341675404027622,0.69221379930618
528,0.972541747078912,0.357868839891184,0.345223375152151,0.694911987665425
529,0.972441393309594,0.359176770410569,0.346481555129735,0.697545933444687
530,0.972357260131765,0.360273294753642,0.347544500283211,0.69953745342413
531,0.972008428290637,0.364819689116764,0.352140954722393,0.70274958242323
532,0.971666548131575,0.369275480832894,0.356657869048049,0.705576255942439
533,0.971365130327105,0.37320391868064,0.360615592272557,0.708724142361557
534,0.971078150631542,0.376944181800019,0.364382901285899,0.711743543620712
535,0.970767463917651,0.380993423177086,0.368475601672753,0.714634459719902
536,0.970671922851302,0.382238628787016,0.369666293069164,0.717332648079147
537,0.970595276100313,0.383237581048714,0.370601491979705,0.720030836438391
538,0.970252326451703,0.387707311633612,0.375099123853598,0.723756906077348
539,0.969939322510456,0.39178675389301,0.379206286079275,0.727097520236413
540,0.969637548209469,0.395719838030345,0.383135085626137,0.731144802775279
541,0.969382118455593,0.399048904521072,0.38644684671656,0.734935114994218
542,0.969129362425588,0.40234312383988,0.389732094435808,0.738468456893229
543,0.969048972461179,0.403390862142265,0.390693806717524,0.741809071052293
544,0.968987833308646,0.404187700806828,0.391414488352194,0.744635744571502
545,0.96869835813747,0.407960487953333,0.39515769430083,0.749196967750225
546,0.968440789404496,0.411317432181596,0.39850560998831,0.752794552229218
547,0.968213701123659,0.414277118649974,0.401422080817576,0.756906077348066
548,0.967991247297534,0.417176403353692,0.404302397049785,0.760310934087113
549,0.967779131870379,0.41994094565932,0.407054967039059,0.76339457792625
550,0.967710684539263,0.420833033260464,0.407869650626077,0.766349736605422
551,0.967655427579248,0.421553208146804,0.40850356122781,0.769369137864577
552,0.967396789356725,0.424924091243835,0.411885221205876,0.772452781703713
553,0.967188773639507,0.427635201219186,0.41453173771045,0.776885519722472
554,0.967001078223713,0.430081472687948,0.416975788471504,0.779390980341771
555,0.966852419176447,0.432018975446683,0.418867879050821,0.782538866760889
556,0.966710533562988,0.433868198703221,0.420685250129554,0.785237055120134
557,0.966666149746718,0.434446661757087,0.421203466020705,0.787421302839522
558,0.966630678343354,0.434908967571222,0.421543319233041,0.791147372478479
559,0.966457242788209,0.437169387456412,0.423772852718223,0.794231016317615
560,0.96629842359023,0.439239309468441,0.425790279234005,0.797700115636644
561,0.966157429218062,0.441076917001006,0.427602829699796,0.800205576255942
562,0.966033368430415,0.442693825778079,0.429171939212071,0.803096492355133
563,0.96591483333877,0.444238717066519,0.430683201369054,0.805537710394449
564,0.965873836239404,0.444773040369287,0.431158031743736,0.807657715533856
565,0.965841216808169,0.445198175866707,0.431519577714306,0.809777720673262
566,0.965690597030063,0.447161233218183,0.433486387794208,0.811640755492741
567,0.965566357994158,0.448780465140051,0.435057907612953,0.814531671591931
568,0.965508962055046,0.449528517763927,0.435778589247623,0.816009250931517
569,0.965477768609876,0.44993506810299,0.436142545524663,0.817551072851086
570,0.965350855850099,0.451589147196777,0.437759861166347,0.820185018630348
571,0.965320018901445,0.451991051246251,0.438092483459272,0.822433508929719
572,0.965290964435373,0.452369723847778,0.438413054219844,0.824360786329179
573,0.965175459564115,0.453875121674709,0.439892982392711,0.826545034048567
574,0.96507671002912,0.455162143890942,0.441131879918532,0.829114737247848
575,0.965012184159683,0.456003122306604,0.441956204731432,0.830399588847488
576,0.964936963394759,0.456983489409944,0.442920327319619,0.831812925607092
577,0.964863881608933,0.457935978775749,0.443845885004278,0.833483232686625
578,0.96483963984583,0.458251926467821,0.444125480554853,0.834768084286265
579,0.964820567282211,0.458500502960848,0.44432071537896,0.836438391365797
580,0.964719678768119,0.459815402914617,0.445617460260072,0.838237183605294
581,0.964637506321129,0.460886372664949,0.446670764187666,0.839779005524862
582,0.964569237238271,0.461776137121298,0.447536064210564,0.84132082744443
583,0.964504889617092,0.462614792392165,0.448357978716994,0.84260567904407
584,0.964442859223269,0.463423246780702,0.449134097400484,0.844275986123603
585,0.964421112935779,0.463706670445649,0.449379948660472,0.845560837723243
586,0.964402931613452,0.463943631214703,0.449584824710462,0.846652961582937
587,0.964327354352011,0.464928644607632,0.45055617821806,0.848002055762559
588,0.964261580744768,0.465785885036857,0.451402195789195,0.849158422202236
589,0.964210779991205,0.466447981303331,0.452055388842691,0.850057818321984
590,0.964153384052093,0.467196033927207,0.452778480783832,0.851471155081588
591,0.964105257022402,0.467823283021761,0.453393108933801,0.852434793781318
592,0.964086006210526,0.468074182659583,0.453641370500259,0.852756006681228
593,0.964071211605102,0.468267003677538,0.45380286103378,0.853783887960941
594,0.963999377557083,0.46920323102978,0.45472600841197,0.855068739560581
595,0.963941625121454,0.469955929943246,0.455470793111344,0.856032378260311
596,0.963886724657955,0.470671458539996,0.456181833520132,0.856867531800077
597,0.963833963173553,0.471359109399212,0.456876001783627,0.857381472439933
598,0.963792609577671,0.471898078991569,0.457394217674777,0.858473596299627
599,0.963779775703087,0.472065345416784,0.457536425756535,0.859308749839394
600,0.963765515842438,0.472251197000355,0.457697916290056,0.86014390337916
601,0.963707406910293,0.47300854220341,0.458464393747665,0.860657844019016
602,0.963657675646279,0.473656699601116,0.459103124962339,0.861557240138764
603,0.963610261609621,0.474274656116492,0.459705701579956,0.862585121418476
604,0.963562847572963,0.474892612631867,0.460320329729925,0.863291789798278
605,0.963525593687017,0.475378149893948,0.460785518878725,0.86431967107799
606,0.96351489879153,0.475517538581627,0.460908444508719,0.864897854297829
607,0.963505273385592,0.475642988400538,0.461036190751654,0.864962096877811
608,0.963454829128546,0.476300438377423,0.461694204418092,0.865604522677631
609,0.963414723270471,0.476823145956218,0.462212420309242,0.866246948477451
610,0.963377112888009,0.477313329507888,0.4627137640551,0.866439676217397
611,0.963340393746837,0.477791897335585,0.463191004736252,0.866953616857253
612,0.963310091542958,0.478186831950675,0.463583884690938,0.867403314917127
613,0.963300644385278,0.478309958624791,0.463692348482109,0.867917255556983
614,0.963292088468888,0.478421469574934,0.46379840196681,0.868174225876911
615,0.963258221299847,0.478862867085917,0.464241898357376,0.868559681356803
616,0.96322203690345,0.47933446547923,0.464707087506176,0.869202107156623
617,0.96319369543041,0.479703845501579,0.465073454089687,0.869651805216498
618,0.9631682059295,0.480036055207213,0.465408486689083,0.869908775536426
619,0.963146994386784,0.480312509437776,0.465678441013775,0.8703584735963
620,0.963139151463427,0.48041472780874,0.465767622353182,0.870808171656174
621,0.963128991312715,0.480547147062035,0.465890547983176,0.871193627136066
622,0.96309066793722,0.481046623192884,0.466396712341974,0.871514840035976
623,0.963061078726373,0.481432265228795,0.466779951070779,0.87196453809585
624,0.963029172288171,0.481848108147036,0.467192113477229,0.872478478735706
625,0.962997444098227,0.482261627920483,0.467604275883679,0.87292817679558
626,0.962968389632154,0.482640300522011,0.467987514612483,0.873185147115508
627,0.962960903205314,0.482737872603386,0.468064644419538,0.873827572915328
628,0.962953773274989,0.482830798395172,0.468156236065416,0.873956058075292
629,0.962940761152147,0.483000387965181,0.468317726598937,0.874341513555184
630,0.962907250479621,0.483437139186574,0.468749171457151,0.874919696775022
631,0.962878552510065,0.483811165498512,0.469125179266544,0.875240909674933
632,0.962852528264381,0.48415034463853,0.469460211865939,0.875690607734807
633,0.962828464749535,0.484463969185807,0.469766320787688,0.876204548374663
634,0.962821156570953,0.484559218122388,0.469855502127095,0.876461518694591
635,0.962816343867984,0.484621943031843,0.469889246417682,0.877296672234357
636,0.962788002394944,0.484991323054192,0.470248382081782,0.877939098034177
637,0.962764117128356,0.485302624456674,0.470559311616472,0.878260310934087
638,0.962740053613511,0.485616249003952,0.470875061764103,0.878517281254015
639,0.962717772581247,0.485906642103282,0.47116670884703,0.878774251573943
640,0.962695848045499,0.486192388913024,0.471453535317016,0.879031221893871
641,0.962691748335562,0.486245821243301,0.471492100220543,0.879480919953745
642,0.962685687894786,0.486324808166319,0.471561999108187,0.879802132853655
643,0.962659307152586,0.486668633595926,0.471911493546404,0.879994860593601
644,0.962635421885998,0.486979934998409,0.472215192161683,0.880508801233458
645,0.962614210343283,0.487256389228971,0.472489967099317,0.880830014133368
646,0.962591572814503,0.487551428617891,0.472781614182243,0.88121546961326
647,0.962569648278755,0.487837175427633,0.47307326126517,0.881343954773224
648,0.962560379369333,0.487957978956954,0.473186545669282,0.881665167673134
649,0.96255307119075,0.488053227893535,0.473270906395748,0.882050623153026
650,0.962528116434614,0.488378468164785,0.473601118382202,0.882243350892972
651,0.962510113360545,0.488613105789044,0.473830097496897,0.882628806372864
652,0.962493001527766,0.48883612768933,0.474047025079239,0.883014261852756
653,0.962470185750727,0.489133490223045,0.474345903081577,0.883271232172684
654,0.962457351876143,0.48930075664826,0.474509803921569,0.883528202492612
655,0.962453073917948,0.489356512123331,0.474553189438037,0.883913657972504
656,0.962447726470205,0.48942620646717,0.47462067801921,0.884042143132468
657,0.962425088941425,0.48972124585609,0.474921966328019,0.884170628292432
658,0.962405838129548,0.489972145493912,0.475165407281536,0.884620326352306
659,0.962388904545028,0.490192844249404,0.475382334863878,0.884941539252216
660,0.962372505705281,0.490406573570511,0.475589621220338,0.885326994732108
661,0.962356641610309,0.490613333457234,0.475796907576798,0.885519722472054
662,0.962349511679985,0.49070625924902,0.475886088916206,0.885712450212001
663,0.962344164232241,0.49077595359286,0.475953577497379,0.885840935371965
664,0.96232063546217,0.491082608705753,0.476259686419128,0.886162148271875
665,0.962303523629391,0.491305630606039,0.476486255227352,0.886290633431839
666,0.962281599093643,0.49159137741578,0.476775492003808,0.886483361171785
667,0.96225735733054,0.491907325107852,0.477100883377321,0.886547603751767
668,0.962234898050017,0.492200041351977,0.477392530460248,0.886868816651677
669,0.962226520381886,0.492309229157326,0.477500994251419,0.886997301811641
670,0.962211904024721,0.492499727030487,0.477693818769056,0.887125786971605
671,0.962145595672703,0.493363936894095,0.478583221856659,0.887318514711551
672,0.962058610522743,0.494497631553882,0.479757041107777,0.887382757291533
673,0.96195219631265,0.495884548996285,0.481188763151235,0.887575485031479
674,0.961839365165264,0.497355099651296,0.482704845921159,0.887832455351407
675,0.961737050665107,0.498688584763423,0.484081130915796,0.888025183091353
676,0.961702292254775,0.499141597998378,0.484551140677537,0.888025183091353
677,0.961666464354894,0.499608550102102,0.48502838135869,0.888217910831299
678,0.961462191851096,0.502270874036766,0.487783361654434,0.888410638571245
679,0.961191789243538,0.505795084690243,0.491437386263663,0.888474881151227
680,0.96084295740241,0.510341479053365,0.496147125106957,0.888667608891173
681,0.960423182754552,0.515812485044755,0.501806524699616,0.889117306951047
682,0.959936743258161,0.522152347189343,0.50837219952517,0.889438519850957
683,0.959735322726493,0.524777500807293,0.511083794304446,0.889759732750867
684,0.959540497380375,0.52731669806784,0.513711028357256,0.889952460490813
685,0.958612536948636,0.539410989868766,0.526234980777806,0.890594886290633
686,0.957744111435107,0.550729351308279,0.537975583595454,0.890659128870615
687,0.956826845898855,0.562684254421525,0.550340455788954,0.891687010150328
688,0.955954142427132,0.57405837133611,0.562119623510129,0.892265193370166
689,0.955082508444957,0.585418549381927,0.573884329392482,0.892843376590004
690,0.954741519527186,0.589862725374084,0.578463911686371,0.89367853012977
691,0.954480029332533,0.59327077878783,0.581975728213842,0.89432095592959
692,0.953322128647828,0.608361927373847,0.597560769851887,0.89624823332905
693,0.952244261431016,0.622409983947069,0.612053942658809,0.898432481048439
694,0.951223790153317,0.635709987896416,0.625807151379298,0.899653090068097
695,0.950369446252179,0.646844820897152,0.637277799872254,0.901837337787486
696,0.949750390051751,0.654913102768956,0.645595767501838,0.90325067454709
697,0.949508685413749,0.658063287110496,0.648818347252853,0.904471283566748
698,0.949346301250608,0.660179672018418,0.650951468479217,0.90614159064628
699,0.948488570632566,0.671358644770253,0.66245827156923,0.908582808685597
700,0.947787698481664,0.680493250102799,0.671829543126409,0.911409482204805
701,0.947219799531314,0.68789478941854,0.6794123672825,0.913979185404086
702,0.946770970417384,0.693744468011458,0.685406799474553,0.915970705383528
703,0.946398966302702,0.698592871197883,0.690364799884305,0.917897982782989
704,0.946239255863432,0.700674408933886,0.692464176820083,0.919504047282539
705,0.946085605864938,0.70267695974687,0.694481603335864,0.921110111782089
706,0.94562055615952,0.708738044516101,0.700690552803789,0.923230116921496
707,0.945318960106792,0.712668805508641,0.70466273786712,0.926056790440704
708,0.945062104366851,0.716016457157725,0.708073321522832,0.927727097520236
709,0.944874943695831,0.718455759192103,0.710524603203297,0.929847102659643
710,0.944756230355928,0.720002973625337,0.712043096279692,0.932159835538995
711,0.944697943175525,0.720762641973186,0.712787880979067,0.933316201978671
712,0.944661937027386,0.721231917221705,0.713209684611398,0.935050751638186
713,0.94460578882608,0.721963707832018,0.713901442568423,0.936849543877682
714,0.94446978540514,0.723736267310333,0.715687479663039,0.938262880637286
715,0.94435445878214,0.725239341992468,0.717155356303554,0.940704098676603
716,0.944256956984952,0.72651010219514,0.718425587813491,0.941988950276243
717,0.944166763366347,0.72768561346123,0.719601817371079,0.943145316715919
718,0.944129509480401,0.728171150723311,0.720052544681056,0.944558653475524
719,0.944109010930718,0.728438312374695,0.720267061956928,0.946228960555056
720,0.944028977462825,0.729481404387491,0.721303493739229,0.947449569574714
721,0.943978889702295,0.730134208074787,0.72192535280861,0.9489271489143
722,0.943924702231829,0.730840444092359,0.722629162297986,0.949698059874085
723,0.943867662789232,0.731583850426646,0.723366716077949,0.950597455993833
724,0.943827556931157,0.732106558005441,0.723880111356159,0.951368366953617
725,0.943809732105345,0.732338872484905,0.724072935873796,0.952653218553257
726,0.943798680713342,0.732482907462173,0.724207913036143,0.953038674033149
727,0.943752692662749,0.733082278819192,0.724788796895525,0.954130797892843
728,0.943714904032029,0.733574785515657,0.725273268496089,0.954837466272646
729,0.943679789125181,0.734032445040202,0.725716764886655,0.955672619812412
730,0.943653230134722,0.734378593614604,0.726063849018403,0.955993832712322
731,0.943631840343748,0.734657370989962,0.726350675488388,0.956058075292304
732,0.943624532165166,0.734752619926542,0.726439856827796,0.956315045612232
733,0.943617223986583,0.734847868863123,0.726529038167203,0.95657201593216
734,0.943592090982189,0.735175432279168,0.726852019234246,0.957021713992034
735,0.943576048638959,0.735384515310686,0.727052074671294,0.957471412051908
736,0.943560184543987,0.735591275197409,0.727242488882461,0.958113837851728
737,0.943543072711208,0.735814297097695,0.727459416464803,0.95849929333162
738,0.943531308326172,0.735967624654142,0.727601624546561,0.958948991391494
739,0.943526139126687,0.736034995853187,0.727664292514793,0.95914171913144
740,0.943521504671976,0.736095397617847,0.727717319257144,0.959398689451368
741,0.943510096783457,0.736244078884705,0.727857117032431,0.95978414493126
742,0.943497441157131,0.736409022165124,0.728025838485363,0.959848387511242
743,0.943488528744225,0.736525179404857,0.728134302276534,0.960169600411153
744,0.943483181296482,0.736594873748696,0.728204201164178,0.960233842991135
745,0.943479259834803,0.736645982934178,0.728254817600058,0.960298085571117
746,0.943476586110931,0.736680830106098,0.728278920664763,0.960619298471027
747,0.94347391238706,0.736715677278018,0.728305434035938,0.960876268790955
748,0.943462682746799,0.73686203540008,0.728450052424166,0.961068996530901
749,0.943454483326925,0.736968900060634,0.728558516215337,0.961133239110883
750,0.943447353396601,0.73706182585242,0.728647697554744,0.961325966850829
751,0.943439153976728,0.737168690512974,0.728756161345915,0.961390209430811
752,0.943430241563822,0.737284847752706,0.728876676669439,0.961390209430811
753,0.943427746088208,0.737317371779831,0.728905600347084,0.961518694590775
754,0.943425428860853,0.737347572662161,0.7289369343312,0.961518694590775
755,0.943422042143949,0.73739171241326,0.728977909541198,0.961647179750739
756,0.943410099510655,0.737547363114501,0.729136989768249,0.961711422330721
757,0.943403860821621,0.737628673182313,0.729218940188245,0.961775664910703
758,0.943397087387813,0.73771695268451,0.729308121527652,0.961839907490685
759,0.943393522422651,0.737763415580403,0.729351507044121,0.961968392650649
760,0.943391561691811,0.737788970173144,0.729375610108825,0.962032635230631
761,0.943390313954004,0.737805232186706,0.729385251334707,0.962225362970577
762,0.943384788258003,0.737877249675341,0.729455150222351,0.962353848130541
763,0.943379797306776,0.737942297729591,0.729517818190583,0.962482333290505
764,0.943373202121226,0.738028254086992,0.729602178917049,0.962610818450469
765,0.943368745914773,0.738086332706859,0.729660026272341,0.962675061030451
766,0.943365359197869,0.738130472457957,0.729703411788809,0.962739303610433
767,0.943364111460062,0.738146734471519,0.729720283934102,0.962739303610433
768,0.943363398467029,0.738156027050698,0.729729925159984,0.962739303610433
769,0.943360902991416,0.738188551077823,0.729763669450571,0.962739303610433
770,0.943358051019286,0.738225721394537,0.729797413741157,0.962867788770397
771,0.943354129557607,0.73827683058002,0.729850440483507,0.962867788770397
772,0.943351634081994,0.738309354607145,0.729879364161153,0.962996273930361
773,0.943347534372057,0.738362786937421,0.729932390903503,0.963060516510343
774,0.943346643130767,0.738374402661395,0.729942032129385,0.963124759090325
775,0.94334539539296,0.738390664674957,0.729958904274679,0.963124759090325
776,0.943341830427798,0.73843712757085,0.730007110404088,0.963124759090325
777,0.943339513200442,0.738467328453181,0.730038444388204,0.963124759090325
778,0.943337908966119,0.738488236756332,0.730060137146438,0.963124759090325
779,0.943336661228312,0.738504498769895,0.730077009291731,0.963124759090325
780,0.943334700497473,0.738530053362636,0.730101112356436,0.963189001670307
781,0.943333809256182,0.738541669086609,0.730110753582318,0.963253244250289
782,0.943332739766634,0.738555607955377,0.73012280511467,0.963317486830271
783,0.943328640056697,0.738609040285654,0.730178242163491,0.963317486830271
784,0.9433265010776,0.73863691802319,0.730207165841137,0.963317486830271
785,0.943325253339793,0.738653180036752,0.730221627679959,0.963381729410253
786,0.943324362098502,0.738664795760725,0.730228858599371,0.963510214570217
787,0.943322936112438,0.738683380919083,0.730248141051135,0.963510214570217
788,0.943322044871147,0.738694996643056,0.730255371970546,0.963638699730181
789,0.943321331878115,0.738704289222234,0.730265013196428,0.963638699730181
790,0.943317588664694,0.738753075262922,0.730315629632308,0.963638699730181
791,0.943316340926887,0.738769337276484,0.730330091471131,0.963702942310163
792,0.943314736692564,0.738790245579636,0.730349373922894,0.963767184890145
793,0.943313667203016,0.738804184448404,0.730363835761717,0.963767184890145
794,0.943312241216951,0.738822769606761,0.730383118213481,0.963767184890145
795,0.943310815230886,0.738841354765118,0.730402400665245,0.963767184890145
796,0.943309745741337,0.738855293633886,0.730414452197597,0.963831427470127
797,0.943307428513982,0.738885494516217,0.730440965568772,0.963959912630091
798,0.943303685300561,0.738934280556904,0.730491582004652,0.963959912630091
799,0.943300476831915,0.738976097163208,0.73053496752112,0.963959912630091
800,0.943297268363269,0.739017913769512,0.730578353037589,0.963959912630091
801,0.943291920915526,0.739087608113351,0.730650662231703,0.963959912630091
802,0.943291029674235,0.739099223837324,0.730662713764055,0.963959912630091
803,0.943290138432945,0.739110839561297,0.730674765296407,0.963959912630091
804,0.943283364999136,0.739199119063494,0.730766356942285,0.963959912630091
805,0.943279621785716,0.739247905104181,0.730814563071695,0.964024155210073
806,0.943268570393713,0.739391940081449,0.730961591766393,0.964088397790055
807,0.943260014477324,0.739503451031592,0.731074876170505,0.964152640370037
808,0.943250745567902,0.739624254560914,0.731197801800499,0.964216882950019
809,0.943247180602739,0.739670717456807,0.731243597623438,0.964281125530001
810,0.943246467609707,0.739680010035985,0.73125323884932,0.964281125530001
811,0.943233277238607,0.739851922750789,0.731431601528134,0.964281125530001
812,0.943219373874474,0.740033128044772,0.731619605432831,0.964281125530001
813,0.943206361751631,0.740202717614781,0.731795557805175,0.964281125530001
814,0.943195666856145,0.74034210630246,0.731940176193403,0.964281125530001
815,0.943183545974593,0.740500080148495,0.732101666726924,0.964345368109983
816,0.943179624512914,0.740551189333978,0.732154693469275,0.964345368109983
817,0.943173920568655,0.740625529967406,0.73223182327633,0.964345368109983
818,0.943147539826454,0.740969355397014,0.732588548633959,0.964345368109983
819,0.943117772367349,0.74135732057772,0.732991069814527,0.964345368109983
820,0.943088183156502,0.741742962613631,0.733391180688625,0.964345368109983
821,0.943057880952623,0.742137897228721,0.733798522482134,0.964409610689965
822,0.943025439769646,0.742560709581346,0.734237198259759,0.964409610689965
823,0.943015279618934,0.742693128834641,0.734374585728575,0.964409610689965
824,0.943006545454286,0.742806962929578,0.734492690745628,0.964409610689965
825,0.942947723529109,0.743573600711812,0.735288091880883,0.964409610689965
826,0.942901022485483,0.744182264648009,0.735917181869675,0.964473853269947
827,0.942853251952309,0.744804867452974,0.73656073369729,0.964538095849929
828,0.942813680839007,0.745320605597385,0.737095821733733,0.964538095849929
829,0.942766801547124,0.745931592678377,0.737729732335466,0.964538095849929
830,0.942753254679507,0.74610815168277,0.737910505320752,0.964602338429911
831,0.942741312046213,0.746263802384011,0.738071995854273,0.964602338429911
832,0.942655931130577,0.747376588740646,0.739226532653627,0.964602338429911
833,0.942586770806429,0.748277968920969,0.740161731564168,0.964602338429911
834,0.942505846097246,0.749332676657738,0.741256010701761,0.964602338429911
835,0.942424030146771,0.75039900011848,0.742359931065235,0.964666581009893
836,0.942348631133589,0.751381690366616,0.743374670089302,0.964795066169857
837,0.942322250391389,0.751725515796223,0.74372657483399,0.964923551329821
838,0.942295156656155,0.752078633805009,0.744080889885149,0.965244764229731
839,0.942181256019221,0.753563123328788,0.745621075719778,0.965244764229731
840,0.942065572899705,0.755070844300513,0.747185364619111,0.965244764229731
841,0.941947750801092,0.756606443009773,0.74877375658315,0.965373249389695
842,0.941832424178093,0.758109517691909,0.750328404256601,0.965501734549659
843,0.941705333170058,0.759765919930491,0.752046952770045,0.965501734549659
844,0.941660236360755,0.760353675563537,0.752654350000603,0.965565977129642
845,0.941626190943456,0.760797396219314,0.75310507731058,0.96582294744957
846,0.941408906316815,0.763629309723987,0.75604324089808,0.96582294744957
847,0.941216219949795,0.766140629246999,0.758646371886185,0.965887190029552
848,0.941014799418126,0.768765782864949,0.761362787278402,0.966079917769498
849,0.940832273201818,0.771144683134666,0.763828530797691,0.96614416034948
850,0.940643864792992,0.773600247182606,0.766366583511093,0.966401130669408
851,0.940576843447942,0.774473749625393,0.767268038131048,0.966529615829372
852,0.940513743564569,0.775296142882697,0.768118876315123,0.966593858409354
853,0.940190044727835,0.779514973829774,0.772488761946081,0.9667865861493
854,0.939864385160262,0.783759359369591,0.776889981561156,0.966850828729282
855,0.939553520198112,0.787810923891453,0.781081504513299,0.967172041629192
856,0.939266184006033,0.791555833300422,0.784962097930752,0.967300526789156
857,0.938990077454216,0.795154384587328,0.788693252347036,0.967364769369138
858,0.938875107327732,0.796652812979875,0.790240669101076,0.967557497109084
859,0.938785270205643,0.797823677956376,0.791448232642781,0.96775022484903
860,0.938331984885261,0.80373143516916,0.797565590464828,0.96807143774894
861,0.937902584831465,0.809327890979461,0.803362377526302,0.968328408068868
862,0.937484949162706,0.814771019233316,0.808995263747786,0.96871386354876
863,0.937098328690857,0.819809920292902,0.814208756643407,0.969099319028652
864,0.936769638902896,0.824093799294229,0.818631669016715,0.96967750224849
865,0.936625614310341,0.825970900288302,0.82056232449956,0.970127200308364
866,0.936484619938173,0.827808507820867,0.822456825385348,0.970448413208274
867,0.935957005094157,0.834685016413018,0.829572050086168,0.970962353848131
868,0.935525109564748,0.840313996250444,0.835383298986466,0.971733264807915
869,0.935123516239218,0.845548041472781,0.840792026706196,0.972311448027753
870,0.934754542344924,0.850356951197697,0.845764488954771,0.972761146087627
871,0.934427278543027,0.854622245040667,0.850170529182786,0.973275086727483
872,0.934272202558469,0.856643381012008,0.852267495812092,0.973275086727483
873,0.934125860738557,0.858550682888412,0.854236716198465,0.973532057047411
874,0.933619635685515,0.865148414105206,0.861062704122829,0.974045997687267
875,0.933232480468893,0.870194284599176,0.866290658857274,0.974238725427213
876,0.932866358546728,0.874966024007378,0.87121973558938,0.974816908647051
877,0.932557454315417,0.878992033936499,0.875379924557407,0.975266606706925
878,0.932294181638183,0.882423318798191,0.878927895681936,0.975587819606835
879,0.932192580131059,0.883747511331139,0.880284898224809,0.97603751766671
880,0.932107020967164,0.884862620832569,0.881424973185341,0.976487215726584
881,0.93178902607469,0.889007111146216,0.88570085686395,0.977129641526404
882,0.931529674859135,0.892387286822426,0.889190980633187,0.977579339586278
883,0.93129206993107,0.895484038833688,0.892387047013028,0.978029037646152
884,0.931114534665989,0.897797891049155,0.894763609192909,0.978671463445972
885,0.930956963205816,0.899851551047622,0.896877447967509,0.979121161505846
886,0.930894576315477,0.900664651725748,0.89770900369982,0.979442374405756
887,0.930847875271851,0.901273315661945,0.898318811236849,0.980020557625594
888,0.930644672257602,0.903921700727841,0.901061740000241,0.980149042785558
889,0.930503677885434,0.905759308260406,0.902946599660147,0.980727226005396
890,0.930359118548104,0.907643378688864,0.904891716981814,0.980984196325324
891,0.93024896112459,0.909079082171955,0.90636441423527,0.981433894385198
892,0.930156628526887,0.910282471175581,0.907598491148149,0.981819349865091
893,0.930120800627006,0.910749423279305,0.908068500909891,0.982204805344983
894,0.930087468202739,0.911183851355903,0.908514407606927,0.982333290504947
895,0.929956455733025,0.912891362779968,0.910273931330369,0.982654503404857
896,0.929854141232868,0.914224847892095,0.911647806018535,0.982911473724785
897,0.929765551848586,0.915379450855033,0.912845728334358,0.982911473724785
898,0.929699243496568,0.916243660718642,0.913727900502549,0.983296929204677
899,0.92963756959926,0.917047468817589,0.914554635621919,0.983489656944623
900,0.929615823311771,0.917330892482536,0.914841462091905,0.983682384684569
901,0.929593898776023,0.917616639292277,0.915135519481302,0.983746627264551
902,0.929518678011099,0.918597006395618,0.916150258505369,0.983810869844533
903,0.929463242802826,0.919319504426752,0.916892632898273,0.984003597584479
904,0.929418324241781,0.919904936915003,0.91749520951589,0.984132082744443
905,0.929377505390673,0.920436937072977,0.918039938778216,0.984324810484389
906,0.929339716759953,0.920929443769442,0.918543692830543,0.984517538224335
907,0.929327061133627,0.921094387049862,0.918707593670535,0.984710265964281
908,0.929315296748591,0.921247714606308,0.918866673897586,0.984710265964281
909,0.929264674243287,0.921907487727988,0.919548790628728,0.984774508544263
910,0.929228668095148,0.922376762976506,0.920030851922822,0.984902993704227
911,0.929197474649978,0.922783313315569,0.920447834942213,0.985031478864191
912,0.929173054638617,0.923101584152435,0.920775636622197,0.985095721444173
913,0.929151843095901,0.923378038382998,0.921060052785712,0.985159964024155
914,0.929144178420802,0.923477933609168,0.921151644431589,0.985481176924065
915,0.929134374766606,0.923605706572874,0.921284211287465,0.985481176924065
916,0.929104785555759,0.923991348608785,0.921677091242151,0.985673904664011
917,0.929075731089687,0.924370021210312,0.922067560890367,0.985738147243993
918,0.929055767284778,0.924630213427312,0.922335104908589,0.985802389823975
919,0.929036872969418,0.924876466775545,0.922585776781518,0.985930874983939
920,0.929017087412768,0.92513433584775,0.922850910493269,0.985995117563921
921,0.928993023897922,0.925447960395028,0.923171481253841,0.986123602723885
922,0.928979833526822,0.925619873109831,0.923349843932656,0.986123602723885
923,0.928959869721913,0.925880065326832,0.923617387950878,0.986187845303867
924,0.928944362123457,0.926082178923966,0.923827084613809,0.986187845303867
925,0.92892618080113,0.92631913969302,0.924072935873796,0.986187845303867
926,0.928909781961383,0.926532869014127,0.924294684069079,0.986187845303867
927,0.928887679177377,0.926820938968663,0.924591151764947,0.986252087883849
928,0.928881618736601,0.926899925891681,0.924673102184943,0.986252087883849
929,0.928875558295825,0.926978912814699,0.924752642298468,0.986316330463831
930,0.928851316532722,0.927294860506771,0.925075623365511,0.986444815623795
931,0.928838126161622,0.927466773221575,0.925249165431385,0.986573300783759
932,0.928823331556198,0.92765959423953,0.925444400255492,0.986701785943723
933,0.928816379874132,0.927750196886521,0.925538402207841,0.986701785943723
934,0.928812458412453,0.927801306072004,0.925591428950191,0.986701785943723
935,0.928810141185098,0.927831506954334,0.925620352627837,0.986766028523706
936,0.92880711096471,0.927871000415843,0.925661327837835,0.986766028523706
937,0.928788394897608,0.928114930619281,0.925914410017234,0.986766028523706
938,0.928772709050894,0.92831936736121,0.926121696373694,0.98689451368367
939,0.928760409921084,0.92847966435204,0.926288007520156,0.98689451368367
940,0.92875042801863,0.92860976046054,0.926422984682502,0.98689451368367
941,0.92874098086095,0.928732887134656,0.926550730925437,0.98689451368367
942,0.928738663633594,0.928763088016987,0.926582064909553,0.98689451368367
943,0.928736168157981,0.928795612044112,0.926613398893669,0.986958756263652
944,0.92872493851772,0.928941970166175,0.926762837894838,0.987022998843634
945,0.928715669608298,0.929062773695496,0.926888173831303,0.987022998843634
946,0.928708539677973,0.929155699487282,0.926984586090121,0.987022998843634
947,0.928702835733713,0.929230040120711,0.927061715897176,0.987022998843634
948,0.928698736023777,0.929283472450987,0.927117152945997,0.987022998843634
949,0.928696240548163,0.929315996478112,0.927150897236584,0.987022998843634
950,0.928694279817324,0.929341551070854,0.927177410607759,0.987022998843634
951,0.928686793390483,0.929439123152229,0.927278643479518,0.987022998843634
952,0.928679841708417,0.92952972579922,0.927370235125396,0.987087241423616
953,0.928673246522867,0.929615682156622,0.927457006158333,0.987151484003598
954,0.928668968564672,0.929671437631693,0.927514853513624,0.987151484003598
955,0.928665938344284,0.929710931093202,0.927553418417152,0.98721572658358
956,0.928664690606477,0.929727193106765,0.927570290562445,0.98721572658358
957,0.928663799365187,0.929738808830738,0.927582342094797,0.98721572658358
958,0.928657738924411,0.929817795753756,0.927664292514793,0.98721572658358
959,0.928651856731893,0.929894459531979,0.927743832628319,0.98721572658358
960,0.928648826511505,0.929933952993488,0.927782397531846,0.987279969163562
961,0.928647222277182,0.92995486129664,0.92780409029008,0.987279969163562
962,0.928644192056794,0.929994354758149,0.927842655193608,0.987344211743544
963,0.928642587822471,0.930015263061301,0.927864347951842,0.987344211743544
964,0.928642053077697,0.930022232495685,0.927871578871253,0.987344211743544
965,0.928638131616018,0.930073341681167,0.927924605613604,0.987344211743544
966,0.928633675409565,0.930131420301033,0.927984863275365,0.987344211743544
967,0.928630288692661,0.930175560052131,0.928030659098304,0.987344211743544
968,0.928627436720531,0.930212730368846,0.928069224001832,0.987344211743544
969,0.928623693507111,0.930261516409533,0.928119840437712,0.987344211743544
970,0.92862191102453,0.93028474785748,0.928143943502416,0.987344211743544
971,0.928620841534981,0.930298686726248,0.928158405341239,0.987344211743544
972,0.928616920073303,0.93034979591173,0.928211432083589,0.987344211743544
973,0.928612285618592,0.930410197676391,0.928274100051822,0.987344211743544
974,0.928608007660397,0.930465953151462,0.928331947407113,0.987344211743544
975,0.928605512184784,0.930498477178587,0.928363281391229,0.987408454323526
976,0.928602660212654,0.930535647495301,0.928399435988286,0.987472696903508
977,0.928601412474847,0.930551909508864,0.928416308133579,0.987472696903508
978,0.92860016473704,0.930568171522426,0.928433180278872,0.987472696903508
979,0.92859642152362,0.930616957563114,0.928483796714752,0.987472696903508
980,0.928592500061941,0.930668066748596,0.928536823457103,0.987472696903508
981,0.928589648089811,0.930705237065311,0.92857538836063,0.987472696903508
982,0.928585191883359,0.930763315685177,0.928633235715921,0.98753693948349
983,0.92858037918039,0.930826040594632,0.928698313990624,0.98753693948349
984,0.928578953194325,0.930844625752989,0.928717596442388,0.98753693948349
985,0.928577705456518,0.930860887766552,0.928734468587681,0.98753693948349
986,0.928571823264,0.930937551544775,0.928814008701206,0.98753693948349
987,0.928568614795354,0.930979368151079,0.928857394217675,0.98753693948349
988,0.928564871581934,0.931028154191766,0.928908010653555,0.98753693948349
989,0.928559880630706,0.931093202246016,0.928975499234728,0.98753693948349
990,0.928556672162061,0.93113501885232,0.929018884751196,0.98753693948349
991,0.928555959169028,0.931144311431499,0.929028525977078,0.98753693948349
992,0.928554711431221,0.931160573445061,0.929045398122371,0.98753693948349
993,0.928549363983478,0.931230267788901,0.929117707316485,0.98753693948349
994,0.928544016535734,0.93129996213274,0.929190016510599,0.98753693948349
995,0.928539560329282,0.931358040752606,0.929250274172361,0.98753693948349
996,0.928534747626312,0.931420765662061,0.929315352447064,0.98753693948349
997,0.928529934923343,0.931483490571517,0.929378020415296,0.987601182063472
998,0.92852833068902,0.931504398874669,0.92939971317353,0.987601182063472
999,0.928527261199472,0.931518337743437,0.929414175012353,0.987601182063472
1000,0.928526369958181,0.93152995346741,0.929426226544705,0.987601182063472
1001,0.928517457545275,0.931646110707142,0.929546741868228,0.987601182063472
1002,0.928508901628886,0.931757621657285,0.929662436578811,0.987601182063472
1003,0.928499632719464,0.931878425186607,0.929787772515275,0.987601182063472
1004,0.9284905420583,0.931996905571134,0.929910698145269,0.987601182063472
1005,0.928488581327461,0.932022460163875,0.929929980597033,0.987793909803418
1006,0.928486264100106,0.932052661046205,0.929958904274679,0.9878581523834
1007,0.928473073729005,0.932224573761009,0.930137266953493,0.9878581523834
1008,0.928455248903194,0.932456888240473,0.93037829760054,0.9878581523834
1009,0.928442236780352,0.932626477810482,0.930547019053473,0.988050880123346
1010,0.928425124947573,0.932849499710768,0.930778408474638,0.988050880123346
1011,0.928411934576472,0.933021412425572,0.930954360846982,0.988115122703328
1012,0.928407478370019,0.933079491045438,0.931014618508743,0.988115122703328
1013,0.928403556908341,0.933130600230921,0.931067645251094,0.988115122703328
1014,0.928377889159173,0.93346513308135,0.931414729382841,0.988115122703328
1015,0.928351508416972,0.933808958510957,0.931761813514588,0.988372093023256
1016,0.928327979646901,0.93411561362385,0.932075153355749,0.98850057818322
1017,0.928304094380314,0.934426915026333,0.932395724116321,0.988564820763202
1018,0.92828270458934,0.93470569240169,0.932682550586307,0.988629063343184
1019,0.928276287652048,0.934789325614298,0.932769321619244,0.988629063343184
1020,0.928270761956047,0.934861343102932,0.932841630813358,0.988693305923166
1021,0.928221030692033,0.935509500500638,0.933511696012148,0.988757548503148
1022,0.928171299428019,0.936157657898344,0.934179350904467,0.988886033663112
1023,0.928126559115233,0.9367407672418,0.934784337828555,0.988886033663112
1024,0.928086096760641,0.937268121110184,0.935329067090881,0.988950276243094
1025,0.928051338350309,0.93772113434514,0.935796666546151,0.989014518823076
1026,0.928040286958306,0.937865169322408,0.93594610554732,0.989014518823076
1027,0.928034048269272,0.937946479390221,0.936028055967316,0.989078761403058
1028,0.927981108536612,0.938636453394231,0.936736686069634,0.989271489143004
1029,0.927938685451181,0.939189361855356,0.937307928703135,0.989335731722986
1030,0.927897866600073,0.93972136201333,0.937857478578401,0.989399974302968
1031,0.927869525127033,0.940090742035679,0.938240717307206,0.989399974302968
1032,0.927848670080834,0.940362549976652,0.93852031285778,0.98946421688295
1033,0.927842609640058,0.94044153689967,0.938602263277776,0.98946421688295
1034,0.927838153433605,0.940499615519537,0.938657700326597,0.989592702042914
1035,0.927798225823788,0.941019999953537,0.939195198669511,0.989656944622896
1036,0.92776025894481,0.941514829794797,0.939701363028309,0.989849672362842
1037,0.927720331334992,0.942035214228797,0.940236451064753,0.989978157522806
1038,0.927683255697304,0.942518428346084,0.940732974197669,0.99010664268277
1039,0.927656518458588,0.94286690006528,0.941087289248828,0.990299370422716
1040,0.92764778429394,0.942980734160218,0.941205394265881,0.990299370422716
1041,0.927640476115357,0.943075983096799,0.9413018065247,0.990363613002698
1042,0.927589318865279,0.943742725652862,0.941991154175253,0.99042785558268
1043,0.927533883657005,0.944465223683997,0.942733528568157,0.990620583322626
1044,0.927481656917378,0.945145905108828,0.943434927751064,0.99074906848259
1045,0.927429964922525,0.945819617099275,0.944129096014558,0.990877553642554
1046,0.927381481396318,0.946451512483419,0.944782289068055,0.990941796222536
1047,0.92736151759141,0.946711704700419,0.945047422779806,0.9910702813825
1048,0.927348683716826,0.946878971125633,0.94521855453921,0.991134523962482
1049,0.927287544564293,0.947675809790197,0.94604287935211,0.991198766542464
1050,0.927234426583375,0.948368106939001,0.946758740373839,0.991263009122446
1051,0.927191290504911,0.948930307979305,0.947342034539692,0.991263009122446
1052,0.927151541143352,0.949448369268511,0.947877122576136,0.991327251702428
1053,0.927121595435989,0.949838657594012,0.948282054063174,0.991327251702428
1054,0.927106266085791,0.950038448046351,0.948486930113164,0.99139149428241
1055,0.927095571190304,0.95017783673403,0.948629138194921,0.991455736862392
1056,0.927043166202419,0.950860841303656,0.949330537377828,0.991648464602338
1057,0.926992543697115,0.951520614425335,0.950005423189559,0.991905434922266
1058,0.926945842653489,0.952129278361532,0.950636923484821,0.991905434922266
1059,0.926898428616831,0.952747234876908,0.951275654699495,0.991969677502249
1060,0.926849766842366,0.953381453405846,0.951928847752992,0.992098162662213
1061,0.926832476761329,0.953606798450927,0.952162647480627,0.992098162662213
1062,0.926818395148938,0.953790326889704,0.952348241078853,0.992226647822177
1063,0.926743887377047,0.954761401413866,0.953343697651156,0.992547860722087
1064,0.926687739175741,0.955493192024179,0.954100533882883,0.992612103302069
1065,0.926627134767982,0.956283061254359,0.954920038082842,0.992612103302069
1066,0.926570808318418,0.957017175009467,0.95568169492751,0.992612103302069
1067,0.926526424502148,0.957595638063334,0.956277040625716,0.992740588462033
1068,0.926510916903692,0.957797751660468,0.956484326982176,0.992804831042015
1069,0.926493983319172,0.958018450415959,0.956703664870988,0.993061801361943
1070,0.926415554085602,0.959040634125603,0.957754558492112,0.993318771681871
1071,0.926361544863393,0.959744546998381,0.958482471046194,0.993383014261853
1072,0.92631840878493,0.960306748038685,0.959060944599106,0.993511499421817
1073,0.92627865942337,0.960824809327891,0.959593622329079,0.993639984581781
1074,0.926237305827488,0.961363778920249,0.960147992817287,0.993768469741745
1075,0.926216629029547,0.961633263716428,0.96042517806139,0.993832712321727
1076,0.926208073113158,0.961744774666571,0.960536052159032,0.993961197481691
1077,0.926183653101796,0.962063045503437,0.960863853839016,0.994025440061673
1078,0.926100054668741,0.963152600412126,0.961987056654254,0.994218167801619
1079,0.926035350551046,0.963995901972582,0.962857177290092,0.994346652961583
1080,0.925988114762646,0.964611535343163,0.963495908504766,0.994346652961583
1081,0.925948900145861,0.965122627197985,0.964026175928269,0.994346652961583
1082,0.925932144809598,0.965341002808682,0.964252744736493,0.994346652961583
1083,0.925919489183272,0.965505946089102,0.964419055882956,0.994475138121547
1084,0.925856211051642,0.966330662491201,0.965272304373501,0.994539380701529
1085,0.92579970635382,0.967067099391104,0.966033961218169,0.994603623281511
1086,0.925737141215222,0.967882523214024,0.966877568482833,0.994667865861493
1087,0.92567867578656,0.968644514706668,0.967665738698676,0.994732108441475
1088,0.925624488316094,0.96935075072424,0.968398471865698,0.994732108441475
1089,0.925607198235057,0.969576095769321,0.968627450980392,0.994860593601439
1090,0.925583669464986,0.969882750882214,0.968935970208612,0.995117563921367
1091,0.925491158619025,0.971088463030635,0.970182098653844,0.995246049081331
1092,0.925412194640681,0.972117616174663,0.97124504380732,0.995374534241295
1093,0.925337330372273,0.973093336988414,0.972254962218446,0.995438776821277
1094,0.92526300084864,0.974062088367782,0.973257649710161,0.995503019401259
1095,0.925198653227461,0.974900743638649,0.974127770346,0.995503019401259
1096,0.925181006649908,0.975130734973319,0.974361570073635,0.995631504561223
1097,0.925160686348483,0.975395573479908,0.974636345011268,0.995631504561223
1098,0.92507494893633,0.976513006126133,0.975790881810622,0.995759989721187
1099,0.925008997080828,0.977372569700152,0.976682695204695,0.995759989721187
1100,0.924952314134748,0.978111329744849,0.977441941742893,0.995952717461133
1101,0.924897057174733,0.978831504631189,0.978186726442267,0.996016960041115
1102,0.92484162196646,0.979554002662324,0.978933921448112,0.996081202621097
1103,0.924821479913293,0.979816518024119,0.979196644853393,0.996338172941025
1104,0.924806863556128,0.98000701589728,0.97938705906456,0.996530900680971
1105,0.924724156364363,0.981084955081995,0.980503030960387,0.996595143260953
1106,0.924659630494926,0.981925933497657,0.981368330983285,0.996787871000899
1107,0.924597600101102,0.982734387886194,0.982204707328537,0.996852113580881
1108,0.924546977595798,0.983394161007873,0.98288923436615,0.996852113580881
1109,0.924502772027786,0.983970300916945,0.983486990370826,0.996852113580881
1110,0.924488512167137,0.984156152500517,0.983674994275522,0.996980598740845
1111,0.924479421505973,0.984274632885044,0.983797919905516,0.996980598740845
1112,0.924421312573828,0.985031978088098,0.984581269508418,0.997044841320827
1113,0.924384415184399,0.98551286906059,0.985075382334864,0.997173326480791
1114,0.924351795753164,0.98593800455801,0.985516468418959,0.997173326480791
1115,0.924317393839348,0.986386371503377,0.985976836954819,0.997301811640755
1116,0.924287982876759,0.986769690394493,0.986369716909505,0.997430296800719
1117,0.924278357470821,0.986895140213404,0.986492642539499,0.997623024540666
1118,0.92426997980269,0.987004328018752,0.98660110633067,0.99775150970063
1119,0.924262493375849,0.987101900100128,0.986699928895959,0.997815752280612
1120,0.924217396566546,0.987689655733173,0.987302505513576,0.998008480020558
1121,0.924181925163182,0.988151961547307,0.987777335888258,0.998136965180522
1122,0.924151801207561,0.988544573017602,0.988184677681767,0.998136965180522
1123,0.92412631170665,0.988876782723237,0.988524530894103,0.998265450340486
1124,0.924120251265875,0.988955769646255,0.988606481314099,0.998265450340486
1125,0.924114547321615,0.989030110279683,0.988683611121154,0.998265450340486
1126,0.924076758690895,0.989522616976148,0.989194596092893,0.998265450340486
1127,0.924051982183017,0.989845534102604,0.989527218385818,0.998329692920468
1128,0.92402898815772,0.990145219781113,0.989835737614038,0.99839393550045
1129,0.924004746394617,0.990461167473185,0.990161128987551,0.998458178080432
1130,0.923981574121062,0.990763176296489,0.990474468828712,0.998458178080432
1131,0.923974087694222,0.990860748377864,0.990573291394001,0.998522420660414
1132,0.923969987984285,0.990914180708141,0.990628728442821,0.998522420660414
1133,0.923938438042599,0.991325377336793,0.991050532075153,0.998650905820378
1134,0.923913839782979,0.991645971318454,0.991380744061607,0.99871514840036
1135,0.923887459040778,0.991989796748062,0.991737469419237,0.99871514840036
1136,0.92388068560697,0.992078076250258,0.991826650758644,0.998779390980342
1137,0.923873020931871,0.992177971476428,0.991930293936874,0.998779390980342
1138,0.923869099470193,0.99222908066191,0.991983320679224,0.998779390980342
1139,0.923863930270707,0.992296451860955,0.992053219566868,0.998779390980342
1140,0.923838975514572,0.992621692132206,0.992390662472733,0.998779390980342
1141,0.923818655213147,0.992886530638795,0.992663027103896,0.998843633560324
1142,0.923797621918689,0.993160661724563,0.992945032960941,0.998907876140306
1143,0.923777836362039,0.993418530796769,0.993212576979163,0.998907876140306
1144,0.923760011536227,0.993650845276233,0.993451197319739,0.998972118720288
1145,0.923756624819323,0.993694985027332,0.993494582836208,0.99903636130027
1146,0.923753594598935,0.993734478488841,0.993535558046206,0.99903636130027
1147,0.923730778821897,0.994031841022555,0.993841666967955,0.999100603880252
1148,0.92371152801002,0.994282740660377,0.994101980066766,0.999100603880252
1149,0.92369174245337,0.994540609732583,0.994367113778517,0.999164846460234
1150,0.923674987117107,0.994758985343279,0.9945888619738,0.999293331620198
1151,0.923663757476846,0.994905343465342,0.994740711281439,0.999293331620198
1152,0.923660014263426,0.99495412950603,0.994791327717319,0.999293331620198
1153,0.923657162291296,0.994991299822744,0.994829892620847,0.999293331620198
1154,0.923637733231161,0.99524452260536,0.995087795413187,0.999421816780162
1155,0.923620086653608,0.99547451394003,0.995326415753763,0.999421816780162
1156,0.923605648544701,0.995662688668397,0.995521650577871,0.999421816780162
1157,0.923593527663149,0.995820662514433,0.995685551417863,0.999421816780162
1158,0.923582832767663,0.995960051202111,0.995830169806091,0.999421816780162
1159,0.923580337292049,0.995992575229236,0.995861503790207,0.999486059360144
1160,0.923576594078628,0.996041361269924,0.995912120226087,0.999486059360144
1161,0.923573742106499,0.996078531586638,0.995950685129614,0.999486059360144
1162,0.923553600053332,0.996341046948433,0.996220639454307,0.999550301940126
1163,0.923539518440941,0.99652457538721,0.996408643359003,0.999614544520108
1164,0.923527932304164,0.996675579798862,0.996565313279584,0.999614544520108
1165,0.923516346167386,0.996826584210514,0.996721983200164,0.999614544520108
1166,0.923513315946998,0.996866077672023,0.996760548103691,0.99967878710009
1167,0.92351028572661,0.996905571133532,0.996801523313689,0.99967878710009
1168,0.92349424338338,0.99711465416505,0.997016040589561,0.999743029680072
1169,0.923482478998345,0.997267981721497,0.997175120816612,0.999743029680072
1170,0.923478557536666,0.997319090906979,0.997228147558962,0.999743029680072
1171,0.92346501066905,0.997495649911372,0.997408920544247,0.999807272260054
1172,0.923456098256144,0.997611807151104,0.9975270255613,0.999871514840036
1173,0.923453068035756,0.997651300612613,0.997568000771298,0.999871514840036
1174,0.923451285553175,0.99767453206056,0.997592103836003,0.999871514840036
1175,0.923442551388527,0.997788366155497,0.997710208853056,0.999871514840036
1176,0.923430252258717,0.997948663146328,0.997876519999518,0.999871514840036
1177,0.923419913859747,0.998083405544417,0.998016317774805,0.999871514840036
1178,0.923409397212518,0.998220471087301,0.998158525856563,0.999871514840036
1179,0.923398167572257,0.998366829209364,0.998310375164202,0.999871514840036
1180,0.923395493848385,0.998401676381284,0.998344119454789,0.999935757420018
1181,0.923394246110578,0.998417938394846,0.998360991600082,0.999935757420018
1182,0.923381412235994,0.998585204820061,0.998534533665956,0.999935757420018
1183,0.923371608581798,0.998712977783766,0.998667100521831,0.999935757420018
1184,0.923362696168892,0.998829135023499,0.998787615845355,0.999935757420018
1185,0.923355031493793,0.998929030249668,0.998891259023585,0.999935757420018
1186,0.923347545066953,0.999026602331043,0.998992491895344,0.999935757420018
1187,0.923345762584372,0.99904983377899,0.999016594960049,0.999935757420018
1188,0.923344871343081,0.999061449502963,0.999028646492402,0.999935757420018
1189,0.923336315426692,0.999172960453106,0.999144341202984,0.999935757420018
1190,0.923329720241141,0.999258916810508,0.999231112235921,1
1191,0.92332508578643,0.999319318575169,0.999293780204153,1
1192,0.923322768559075,0.999349519457499,0.999325114188269,1
1193,0.923320629579978,0.999377397195035,0.999354037865915,1
1194,0.923319738338687,0.999389012919008,0.999366089398267,1
1195,0.923318847097396,0.999400628642981,0.999378140930619,1
1196,0.923314569139202,0.999456384118053,0.999435988285911,1
1197,0.923310647677523,0.999507493303535,0.999489015028261,1
1198,0.923306904464103,0.999556279344223,0.999539631464141,1
1199,0.923303339498941,0.999602742240116,0.99958783759355,1
1200,0.923301913512876,0.999621327398473,0.999607120045314,1
1201,0.923301022271585,0.999632943122446,0.999619171577666,1
1202,0.923300309278553,0.999642235701625,0.999628812803548,1
1203,0.923297279058165,0.999681729163134,0.999669788013546,1
1204,0.923294783582551,0.999714253190259,0.999703532304132,1
1205,0.923292109858679,0.999749100362178,0.99973968690119,1
1206,0.923290683872614,0.999767685520535,0.999758969352953,1
1207,0.923287653652227,0.999807178982044,0.999799944562951,1
1208,0.92328729715571,0.999811825271634,0.999804765175892,1
1209,0.923286940659194,0.999816471561223,0.999809585788833,1
1210,0.923281949707967,0.999881519615473,0.999877074370006,1
1211,0.923278028246288,0.999932628800955,0.999930101112356,1
1212,0.923276424011965,0.999953537104107,0.999951793870591,1
1213,0.923274285032868,0.999981414841643,0.999980717548236,1
1214,0.923272859046803,1,1,1
1215,0.923272859046803,1,1,1
